﻿<?xml version="1.0" encoding="utf-8"?>
<manifest>
  <control namespace="PCF.PadmakarControls" constructor="FieldTimelineAudit" version="0.0.49" display-name-key="FieldTimelineAudit" description-key="FieldTimelineAudit description" control-type="virtual">
    <!--external-service-usage node declares whether this 3rd party PCF control is using external service or not, if yes, this control will be considered as premium and please also add the external domain it is using.
    If it is not using any external service, please set the enabled="false" and DO NOT add any domain below. The "enabled" will be false by default.
    Example1:
      <external-service-usage enabled="true">
        <domain>www.Microsoft.com</domain>
      </external-service-usage>
    Example2:
      <external-service-usage enabled="false">
      </external-service-usage>
    -->
    <external-service-usage enabled="false">
      <!--UNCOMMENT TO ADD EXTERNAL DOMAINS
      <domain></domain>
      <domain></domain>
      -->
    </external-service-usage>
    <!-- property node identifies a specific, configurable piece of data that the control expects from CDS -->
    <property name="textField" display-name-key="Property_Display_Key" description-key="Property_Desc_Key" of-type="SingleLine.Text" usage="bound" required="true" />
    <property name="targetFieldSchemaName" display-name-key="Target Field Schema Name" description-key="Target Field Schema Name" of-type="SingleLine.Text" usage="input" required="true" />
    <property name="ctrlLabel" display-name-key="Label for the control" description-key="Label for the control" of-type="SingleLine.Text" usage="input" required="true" />
    <property name="fieldType" display-name-key="Field Type" description-key="Field Type" of-type="Enum" usage="input" required="false">
      <value name="Lookup" display-name-key="Lookup">1</value>
      <value name="Optionset" display-name-key="Optionset">2</value>
      <value name="DateTime" display-name-key="Date Time">3</value>
      <value name="Other" display-name-key="Other">4</value>
    </property>
    <!--
      Property node's of-type attribute can be of-type-group attribute.
      Example:
      <type-group name="numbers">
        <type>Whole.None</type>
        <type>Currency</type>
        <type>FP</type>
        <type>Decimal</type>
      </type-group>
      <property name="sampleProperty" display-name-key="Property_Display_Key" description-key="Property_Desc_Key" of-type-group="numbers" usage="bound" required="true" />
    -->
    <resources>
      <code path="index.ts" order="1" />
      <platform-library name="React" version="16.8.6" />
      <platform-library name="Fluent" version="8.29.0" />
      <!-- UNCOMMENT TO ADD MORE RESOURCES-->
      <css path="css/output.css" order="1" />
      <!--<resx path="strings/FieldTimelineAudit.1033.resx" version="1.0.0" />
      -->
    </resources>
    <feature-usage>
      <!-- <uses-feature name="Device.captureAudio" required="true" />
      <uses-feature name="Device.captureImage" required="true" />
      <uses-feature name="Device.captureVideo" required="true" />
      <uses-feature name="Device.getBarcodeValue" required="true" />
      <uses-feature name="Device.getCurrentPosition" required="true" />
      <uses-feature name="Device.pickFile" required="true" />  -->
      <uses-feature name="Utility" required="true" />
      <uses-feature name="WebAPI" required="true" />
    </feature-usage>
  </control>
</manifest>